frame_nmr,car_id,car_bbox,license_plate_bbox,license_plate_bbox_score,license_number,license_number_score
0,1.0,[1011.122314453125 492.1341247558594 1589.791259765625 826.6704711914062],[1094.2576904296875 699.5418090820312 1184.4271240234375 750.2510375976562],0.4738963544368744,ISI3115,0.04269228036003466
1,1.0,[997.938102445017 490.21534822016395 1584.79088686693 828.5995006091902],[1073.941162109375 704.083984375 1165.53271484375 751.485595703125],0.4017910361289978,IJO3131,0.12085508833971478
9,1.0,[862.9405059492776 477.22428737588064 1522.6344991588878 855.1995381877613],[943.4288330078125 716.3756103515625 1033.7501220703125 766.673583984375],0.6097087860107422,SOJ5423,0.04282353098465655
