                  epoch,         train/box_loss,         train/cls_loss,         train/dfl_loss,   metrics/precision(B),      metrics/recall(B),       metrics/mAP50(B),    metrics/mAP50-95(B),           val/box_loss,           val/cls_loss,           val/dfl_loss,                 lr/pg0,                 lr/pg1,                 lr/pg2
                      0,                 1.3573,                 1.2267,                 1.3372,                0.94291,                0.87225,                 0.9362,                0.54964,                 1.4803,                0.80448,                 1.3689,             0.00066657,             0.00066657,             0.00066657
                      1,                 1.3155,                0.84179,                 1.3269,                0.91314,                0.88826,                 0.9172,                 0.5753,                 1.3494,                0.75843,                 1.2969,              0.0010693,              0.0010693,              0.0010693
                      2,                 1.2789,                0.77767,                 1.2985,                0.92217,                0.88168,                0.93432,                0.58487,                   1.37,                0.65934,                 1.2921,              0.0012079,              0.0012079,              0.0012079
                      3,                 1.2269,                0.70728,                 1.2655,                0.95087,                0.92912,                0.95299,                0.59964,                 1.3538,                0.59779,                 1.2849,               0.000812,               0.000812,               0.000812
                      4,                 1.2083,                0.66606,                 1.2561,                0.96269,                0.93039,                0.96076,                0.61863,                 1.3138,                0.56288,                 1.2569,               0.000812,               0.000812,               0.000812
